,np.tanh(std_delta_len),instruction_difficulty,not_gamed_baseline.astype(float)
Qwen1.5-72B-Chat,-1.3852614761456843,0.3073879331169325,-0.5087401939605037
Llama-3.1-70B-Instruct,-1.1223650408353507,0.3236308433393918,-0.5989953299716027
Qwen1.5-7B-Chat,-1.2324231398247398,0.4091260379328899,-1.3261413642949706
Ministral-8B-Instruct-2410,-1.1776441252282144,0.2765020841339771,-0.7054505749539528
Yi-1.5-9B-Chat,-1.3457457203831855,0.1709900561077462,-1.0013440298749106
Qwen2.5-7B-Instruct,-1.0524439047507304,0.2495767097729353,-0.6684904033764076
Llama-3.1-8B-Instruct,0.4010397755416990,0.3077834026666352,-1.4909945950906061
